Wall time,Step,Value
1571055593.8071425,782,1.3569039106369019
1571055611.557039,1564,1.0870152711868286
1571055629.3795004,2346,1.057743787765503
1571055640.6626391,3128,1.0287283658981323
1571055652.835436,3910,0.9990938901901245
1571055664.3474767,4692,0.9319742321968079
1571055676.5259576,5474,1.043904423713684
1571055689.437838,6256,1.0779346227645874
1571055701.438053,7038,1.159800410270691
1571055713.8855708,7820,1.1892949342727661
