Wall time,Step,Value
1571053927.467777,782,1.521787166595459
1571053938.7528327,1564,1.381166934967041
1571053950.8904254,2346,1.265797734260559
1571053962.7238016,3128,1.301658272743225
1571053976.2991703,3910,1.1289410591125488
1571053987.8708377,4692,1.1031787395477295
1571054000.4195814,5474,1.1242927312850952
1571054012.5027635,6256,1.0441371202468872
1571054025.1883886,7038,0.9879760146141052
1571054038.4774973,7820,0.9793250560760498
